8x10,NBC,6005
15x30,NBC,6010
24x30,NBC,6015
10x12,NBC,6020
11x14,NBC,6025
14x14,NBC,6030
14x17,NBC,6035
8x10,OBC,6040
10x12,OBC,6045
14x17,OBC,6050
8x10,NBC,6055
15x30,NBC,6060
24x30,NBC,6065
10x12,NBC,6070
11x14,NBC,6075
14x14,NBC,6080
14x17,NBC,6085
8x10,OBC,6090
10x12,OBC,6095
14x17,OBC,6100
8x10,NBC,6105
15x30,NBC,6110
24x30,NBC,6115
10x12,NBC,6120
11x14,NBC,6125
14x14,NBC,6130
14x17,NBC,6135
8x10,OBC,6140
10x12,OBC,6145
14x17,OBC,6150
8x10,NBC,6155
15x30,NBC,6160
24x30,NBC,6165
10x12,NBC,6170
11x14,NBC,6175
14x14,NBC,6180
14x17,NBC,6185
8x10,OBC,6190
10x12,OBC,6195
14x17,OBC,6200
8x10,NBC,6205
15x30,NBC,6210
24x30,NBC,6215
10x12,NBC,6220
11x14,NBC,6225
14x14,NBC,6230
14x17,NBC,6235
8x10,OBC,6240
10x12,OBC,6245
14x17,OBC,6250
8x10,NBC,6255
15x30,NBC,6260
24x30,NBC,6265
10x12,NBC,6270
11x14,NBC,6275
14x14,NBC,6280
14x17,NBC,6285
8x10,OBC,6290
10x12,OBC,6295
14x17,OBC,6300
8x10,NBC,6305
15x30,NBC,6310
24x30,NBC,6315
10x12,NBC,6320
11x14,NBC,6325
14x14,NBC,6330
14x17,NBC,6335
8x10,OBC,6340
10x12,OBC,6345
14x17,OBC,6350
8x10,NBC,6355
15x30,NBC,6360
24x30,NBC,6365
10x12,NBC,6370
11x14,NBC,6375
14x14,NBC,6380
14x17,NBC,6385
8x10,OBC,6390
10x12,OBC,6395
14x17,OBC,6400
8x10,NBC,6405
15x30,NBC,6410
24x30,NBC,6415
10x12,NBC,6420
11x14,NBC,6425
14x14,NBC,6430
14x17,NBC,6435
8x10,OBC,6440
10x12,OBC,6445
14x17,OBC,6450
8x10,NBC,6455
15x30,NBC,6460
24x30,NBC,6465
10x12,NBC,6470
11x14,NBC,6475
14x14,NBC,6480
14x17,NBC,6485
8x10,OBC,6490
10x12,OBC,6495
14x17,OBC,6500
8x10,NBC,6505
15x30,NBC,6510
24x30,NBC,6515
10x12,NBC,6520
11x14,NBC,6525
14x14,NBC,6530
14x17,NBC,6535
8x10,OBC,6540
10x12,OBC,6545
14x17,OBC,6550
8x10,NBC,6555
15x30,NBC,6560
24x30,NBC,6565
10x12,NBC,6570
11x14,NBC,6575
14x14,NBC,6580
14x17,NBC,6585
8x10,OBC,6590
10x12,OBC,6595
14x17,OBC,6600
8x10,NBC,6605
15x30,NBC,6610
24x30,NBC,6615
10x12,NBC,6620
11x14,NBC,6625
14x14,NBC,6630
14x17,NBC,6635
8x10,OBC,6640
10x12,OBC,6645
14x17,OBC,6650
8x10,NBC,6655
15x30,NBC,6660
24x30,NBC,6665
10x12,NBC,6670
11x14,NBC,6675
14x14,NBC,6680
14x17,NBC,6685
8x10,OBC,6690
10x12,OBC,6695
14x17,OBC,6700
8x10,NBC,6705
15x30,NBC,6710
24x30,NBC,6715
10x12,NBC,6720
11x14,NBC,6725
14x14,NBC,6730
14x17,NBC,6735
8x10,OBC,6740
10x12,OBC,6745
14x17,OBC,6750
8x10,NBC,6755
15x30,NBC,6760
24x30,NBC,6765
10x12,NBC,6770
11x14,NBC,6775
14x14,NBC,6780
14x17,NBC,6785
8x10,OBC,6790
10x12,OBC,6795
14x17,OBC,6800
8x10,NBC,6805
15x30,NBC,6810
24x30,NBC,6815
10x12,NBC,6820
11x14,NBC,6825
14x14,NBC,6830
14x17,NBC,6835
8x10,OBC,6840
10x12,OBC,6845
14x17,OBC,6850
8x10,NBC,6855
15x30,NBC,6860
24x30,NBC,6865
10x12,NBC,6870
11x14,NBC,6875
14x14,NBC,6880
14x17,NBC,6885
8x10,OBC,6890
10x12,OBC,6895
14x17,OBC,6900
8x10,NBC,6905
15x30,NBC,6910
24x30,NBC,6915
10x12,NBC,6920
11x14,NBC,6925
14x14,NBC,6930
14x17,NBC,6935
8x10,OBC,6940
10x12,OBC,6945
14x17,OBC,6950
8x10,NBC,6955
15x30,NBC,6960
24x30,NBC,6965
10x12,NBC,6970
11x14,NBC,6975
14x14,NBC,6980
14x17,NBC,6985
8x10,OBC,6990
10x12,OBC,6995
14x17,OBC,7000
8x10,NBC,7005
15x30,NBC,7010
24x30,NBC,7015
10x12,NBC,7020
11x14,NBC,7025
14x14,NBC,7030
14x17,NBC,7035
8x10,OBC,7040
10x12,OBC,7045
14x17,OBC,7050
8x10,NBC,7055
15x30,NBC,7060
24x30,NBC,7065
10x12,NBC,7070
11x14,NBC,7075
14x14,NBC,7080
14x17,NBC,7085
8x10,OBC,7090
10x12,OBC,7095
14x17,OBC,7100
8x10,NBC,7105
15x30,NBC,7110
24x30,NBC,7115
10x12,NBC,7120
11x14,NBC,7125
14x14,NBC,7130
14x17,NBC,7135
8x10,OBC,7140
10x12,OBC,7145
14x17,OBC,7150
8x10,NBC,7155
15x30,NBC,7160
24x30,NBC,7165
10x12,NBC,7170
11x14,NBC,7175
14x14,NBC,7180
14x17,NBC,7185
8x10,OBC,7190
10x12,OBC,7195
14x17,OBC,7200
8x10,NBC,7205
15x30,NBC,7210
24x30,NBC,7215
10x12,NBC,7220
11x14,NBC,7225
14x14,NBC,7230
14x17,NBC,7235
8x10,OBC,7240
10x12,OBC,7245
14x17,OBC,7250
8x10,NBC,7255
15x30,NBC,7260
24x30,NBC,7265
10x12,NBC,7270
11x14,NBC,7275
14x14,NBC,7280
14x17,NBC,7285
8x10,OBC,7290
10x12,OBC,7295
14x17,OBC,7300
8x10,NBC,7305
15x30,NBC,7310
24x30,NBC,7315
10x12,NBC,7320
11x14,NBC,7325
14x14,NBC,7330
14x17,NBC,7335
8x10,OBC,7340
10x12,OBC,7345
14x17,OBC,7350
8x10,NBC,7355
15x30,NBC,7360
24x30,NBC,7365
10x12,NBC,7370
11x14,NBC,7375
14x14,NBC,7380
14x17,NBC,7385
8x10,OBC,7390
10x12,OBC,7395
14x17,OBC,7400
8x10,NBC,7405
15x30,NBC,7410
24x30,NBC,7415
10x12,NBC,7420
11x14,NBC,7425
14x14,NBC,7430
14x17,NBC,7435
8x10,OBC,7440
10x12,OBC,7445
14x17,OBC,7450
8x10,NBC,7455
15x30,NBC,7460
24x30,NBC,7465
10x12,NBC,7470
11x14,NBC,7475
14x14,NBC,7480
14x17,NBC,7485
8x10,OBC,7490
10x12,OBC,7495
14x17,OBC,7500
8x10,NBC,7505
15x30,NBC,7510
24x30,NBC,7515
10x12,NBC,7520
11x14,NBC,7525
14x14,NBC,7530
14x17,NBC,7535
8x10,OBC,7540
10x12,OBC,7545
14x17,OBC,7550
8x10,NBC,7555
15x30,NBC,7560
24x30,NBC,7565
10x12,NBC,7570
11x14,NBC,7575
14x14,NBC,7580
14x17,NBC,7585
8x10,OBC,7590
10x12,OBC,7595
14x17,OBC,7600
8x10,NBC,7605
15x30,NBC,7610
24x30,NBC,7615
10x12,NBC,7620
11x14,NBC,7625
14x14,NBC,7630
14x17,NBC,7635
8x10,OBC,7640
10x12,OBC,7645
14x17,OBC,7650
8x10,NBC,7655
15x30,NBC,7660
24x30,NBC,7665
10x12,NBC,7670
11x14,NBC,7675
14x14,NBC,7680
14x17,NBC,7685
8x10,OBC,7690
10x12,OBC,7695
14x17,OBC,7700
8x10,NBC,7705
15x30,NBC,7710
24x30,NBC,7715
10x12,NBC,7720
11x14,NBC,7725
14x14,NBC,7730
14x17,NBC,7735
8x10,OBC,7740
10x12,OBC,7745
14x17,OBC,7750
8x10,NBC,7755
15x30,NBC,7760
24x30,NBC,7765
10x12,NBC,7770
11x14,NBC,7775
14x14,NBC,7780
14x17,NBC,7785
8x10,OBC,7790
10x12,OBC,7795
14x17,OBC,7800
8x10,NBC,7805
15x30,NBC,7810
24x30,NBC,7815
10x12,NBC,7820
11x14,NBC,7825
14x14,NBC,7830
14x17,NBC,7835
8x10,OBC,7840
10x12,OBC,7845
14x17,OBC,7850
8x10,NBC,7855
15x30,NBC,7860
24x30,NBC,7865
10x12,NBC,7870
11x14,NBC,7875
14x14,NBC,7880
14x17,NBC,7885
8x10,OBC,7890
10x12,OBC,7895
14x17,OBC,7900
8x10,NBC,7905
15x30,NBC,7910
24x30,NBC,7915
10x12,NBC,7920
11x14,NBC,7925
14x14,NBC,7930
14x17,NBC,7935
8x10,OBC,7940
10x12,OBC,7945
14x17,OBC,7950
8x10,NBC,7955
15x30,NBC,7960
24x30,NBC,7965
10x12,NBC,7970
11x14,NBC,7975
14x14,NBC,7980
14x17,NBC,7985
8x10,OBC,7990
10x12,OBC,7995
14x17,OBC,8000
8x10,NBC,8005
15x30,NBC,8010
24x30,NBC,8015
10x12,NBC,8020
11x14,NBC,8025
14x14,NBC,8030
14x17,NBC,8035
8x10,OBC,8040
10x12,OBC,8045
14x17,OBC,8050
8x10,NBC,8055
15x30,NBC,8060
24x30,NBC,8065
10x12,NBC,8070
11x14,NBC,8075
14x14,NBC,8080
14x17,NBC,8085
8x10,OBC,8090
10x12,OBC,8095
14x17,OBC,8100
8x10,NBC,8105
15x30,NBC,8110
24x30,NBC,8115
10x12,NBC,8120
11x14,NBC,8125
14x14,NBC,8130
14x17,NBC,8135
8x10,OBC,8140
10x12,OBC,8145
14x17,OBC,8150
8x10,NBC,8155
15x30,NBC,8160
24x30,NBC,8165
10x12,NBC,8170
11x14,NBC,8175
14x14,NBC,8180
14x17,NBC,8185
8x10,OBC,8190
10x12,OBC,8195
14x17,OBC,8200
8x10,NBC,8205
15x30,NBC,8210
24x30,NBC,8215
10x12,NBC,8220
11x14,NBC,8225
14x14,NBC,8230
14x17,NBC,8235
8x10,OBC,8240
10x12,OBC,8245
14x17,OBC,8250
8x10,NBC,8255
15x30,NBC,8260
24x30,NBC,8265
10x12,NBC,8270
11x14,NBC,8275
14x14,NBC,8280
14x17,NBC,8285
8x10,OBC,8290
10x12,OBC,8295
14x17,OBC,8300
8x10,NBC,8305
15x30,NBC,8310
24x30,NBC,8315
10x12,NBC,8320
11x14,NBC,8325
14x14,NBC,8330
14x17,NBC,8335
8x10,OBC,8340
10x12,OBC,8345
14x17,OBC,8350
8x10,NBC,8355
15x30,NBC,8360
24x30,NBC,8365
10x12,NBC,8370
11x14,NBC,8375
14x14,NBC,8380
14x17,NBC,8385
8x10,OBC,8390
10x12,OBC,8395
14x17,OBC,8400
8x10,NBC,8405
15x30,NBC,8410
24x30,NBC,8415
10x12,NBC,8420
11x14,NBC,8425
14x14,NBC,8430
14x17,NBC,8435
8x10,OBC,8440
10x12,OBC,8445
14x17,OBC,8450
8x10,NBC,8455
15x30,NBC,8460
24x30,NBC,8465
10x12,NBC,8470
11x14,NBC,8475
14x14,NBC,8480
14x17,NBC,8485
8x10,OBC,8490
10x12,OBC,8495
14x17,OBC,8500
8x10,NBC,8505
15x30,NBC,8510
24x30,NBC,8515
10x12,NBC,8520
11x14,NBC,8525
14x14,NBC,8530
14x17,NBC,8535
8x10,OBC,8540
10x12,OBC,8545
14x17,OBC,8550
8x10,NBC,8555
15x30,NBC,8560
24x30,NBC,8565
10x12,NBC,8570
11x14,NBC,8575
14x14,NBC,8580
14x17,NBC,8585
8x10,OBC,8590
10x12,OBC,8595
14x17,OBC,8600
8x10,NBC,8605
15x30,NBC,8610
24x30,NBC,8615
10x12,NBC,8620
11x14,NBC,8625
14x14,NBC,8630
14x17,NBC,8635
8x10,OBC,8640
10x12,OBC,8645
14x17,OBC,8650
8x10,NBC,8655
15x30,NBC,8660
24x30,NBC,8665
10x12,NBC,8670
11x14,NBC,8675
14x14,NBC,8680
14x17,NBC,8685
8x10,OBC,8690
10x12,OBC,8695
14x17,OBC,8700
8x10,NBC,8705
15x30,NBC,8710
24x30,NBC,8715
10x12,NBC,8720
11x14,NBC,8725
14x14,NBC,8730
14x17,NBC,8735
8x10,OBC,8740
10x12,OBC,8745
14x17,OBC,8750
8x10,NBC,8755
15x30,NBC,8760
24x30,NBC,8765
10x12,NBC,8770
11x14,NBC,8775
14x14,NBC,8780
14x17,NBC,8785
8x10,OBC,8790
10x12,OBC,8795
14x17,OBC,8800
8x10,NBC,8805
15x30,NBC,8810
24x30,NBC,8815
10x12,NBC,8820
11x14,NBC,8825
14x14,NBC,8830
14x17,NBC,8835
8x10,OBC,8840
10x12,OBC,8845
14x17,OBC,8850
8x10,NBC,8855
15x30,NBC,8860
24x30,NBC,8865
10x12,NBC,8870
11x14,NBC,8875
14x14,NBC,8880
14x17,NBC,8885
8x10,OBC,8890
10x12,OBC,8895
14x17,OBC,8900
8x10,NBC,8905
15x30,NBC,8910
24x30,NBC,8915
10x12,NBC,8920
11x14,NBC,8925
14x14,NBC,8930
14x17,NBC,8935
8x10,OBC,8940
10x12,OBC,8945
14x17,OBC,8950
8x10,NBC,8955
15x30,NBC,8960
24x30,NBC,8965
10x12,NBC,8970
11x14,NBC,8975
14x14,NBC,8980
14x17,NBC,8985
8x10,OBC,8990
10x12,OBC,8995
14x17,OBC,9000
8x10,NBC,9005
15x30,NBC,9010
24x30,NBC,9015
10x12,NBC,9020
11x14,NBC,9025
14x14,NBC,9030
14x17,NBC,9035
8x10,OBC,9040
10x12,OBC,9045
14x17,OBC,9050
8x10,NBC,9055
15x30,NBC,9060
24x30,NBC,9065
10x12,NBC,9070
11x14,NBC,9075
14x14,NBC,9080
14x17,NBC,9085
8x10,OBC,9090
10x12,OBC,9095
14x17,OBC,9100
8x10,NBC,9105
15x30,NBC,9110
24x30,NBC,9115
10x12,NBC,9120
11x14,NBC,9125
14x14,NBC,9130
14x17,NBC,9135
8x10,OBC,9140
10x12,OBC,9145
14x17,OBC,9150
8x10,NBC,9155
15x30,NBC,9160
24x30,NBC,9165
10x12,NBC,9170
11x14,NBC,9175
14x14,NBC,9180
14x17,NBC,9185
8x10,OBC,9190
10x12,OBC,9195
14x17,OBC,9200
8x10,NBC,9205
15x30,NBC,9210
24x30,NBC,9215
10x12,NBC,9220
11x14,NBC,9225
14x14,NBC,9230
14x17,NBC,9235
8x10,OBC,9240
10x12,OBC,9245
14x17,OBC,9250
8x10,NBC,9255
15x30,NBC,9260
24x30,NBC,9265
10x12,NBC,9270
11x14,NBC,9275
14x14,NBC,9280
14x17,NBC,9285
8x10,OBC,9290
10x12,OBC,9295
14x17,OBC,9300
8x10,NBC,9305
15x30,NBC,9310
24x30,NBC,9315
10x12,NBC,9320
11x14,NBC,9325
14x14,NBC,9330
14x17,NBC,9335
8x10,OBC,9340
10x12,OBC,9345
14x17,OBC,9350
8x10,NBC,9355
15x30,NBC,9360
24x30,NBC,9365
10x12,NBC,9370
11x14,NBC,9375
14x14,NBC,9380
14x17,NBC,9385
8x10,OBC,9390
10x12,OBC,9395
14x17,OBC,9400
8x10,NBC,9405
15x30,NBC,9410
24x30,NBC,9415
10x12,NBC,9420
11x14,NBC,9425
14x14,NBC,9430
14x17,NBC,9435
8x10,OBC,9440
10x12,OBC,9445
14x17,OBC,9450
8x10,NBC,9455
15x30,NBC,9460
24x30,NBC,9465
10x12,NBC,9470
11x14,NBC,9475
14x14,NBC,9480
14x17,NBC,9485
8x10,OBC,9490
10x12,OBC,9495
14x17,OBC,9500
8x10,NBC,9505
15x30,NBC,9510
24x30,NBC,9515
10x12,NBC,9520
11x14,NBC,9525
14x14,NBC,9530
14x17,NBC,9535
8x10,OBC,9540
10x12,OBC,9545
14x17,OBC,9550
8x10,NBC,9555
15x30,NBC,9560
24x30,NBC,9565
10x12,NBC,9570
11x14,NBC,9575
14x14,NBC,9580
14x17,NBC,9585
8x10,OBC,9590
10x12,OBC,9595
14x17,OBC,9600
8x10,NBC,9605
15x30,NBC,9610
24x30,NBC,9615
10x12,NBC,9620
11x14,NBC,9625
14x14,NBC,9630
14x17,NBC,9635
8x10,OBC,9640
10x12,OBC,9645
14x17,OBC,9650
8x10,NBC,9655
15x30,NBC,9660
24x30,NBC,9665
10x12,NBC,9670
11x14,NBC,9675
14x14,NBC,9680
14x17,NBC,9685
8x10,OBC,9690
10x12,OBC,9695
14x17,OBC,9700
8x10,NBC,9705
15x30,NBC,9710
24x30,NBC,9715
10x12,NBC,9720
11x14,NBC,9725
14x14,NBC,9730
14x17,NBC,9735
8x10,OBC,9740
10x12,OBC,9745
14x17,OBC,9750
8x10,NBC,9755
15x30,NBC,9760
24x30,NBC,9765
10x12,NBC,9770
11x14,NBC,9775
14x14,NBC,9780
14x17,NBC,9785
8x10,OBC,9790
10x12,OBC,9795
14x17,OBC,9800
8x10,NBC,9805
15x30,NBC,9810
24x30,NBC,9815
10x12,NBC,9820
11x14,NBC,9825
14x14,NBC,9830
14x17,NBC,9835
8x10,OBC,9840
10x12,OBC,9845
14x17,OBC,9850
8x10,NBC,9855
15x30,NBC,9860
24x30,NBC,9865
10x12,NBC,9870
11x14,NBC,9875
14x14,NBC,9880
14x17,NBC,9885
8x10,OBC,9890
10x12,OBC,9895
14x17,OBC,9900
8x10,NBC,9905
15x30,NBC,9910
24x30,NBC,9915
10x12,NBC,9920
11x14,NBC,9925
14x14,NBC,9930
14x17,NBC,9935
8x10,OBC,9940
10x12,OBC,9945
14x17,OBC,9950
8x10,NBC,9955
15x30,NBC,9960
24x30,NBC,9965
10x12,NBC,9970
11x14,NBC,9975
14x14,NBC,9980
14x17,NBC,9985
8x10,OBC,9990
10x12,OBC,9995
14x17,OBC,10000
8x10,NBC,10005
15x30,NBC,10010
24x30,NBC,10015
10x12,NBC,10020
11x14,NBC,10025
14x14,NBC,10030
14x17,NBC,10035
8x10,OBC,10040
10x12,OBC,10045
14x17,OBC,10050
8x10,NBC,10055
15x30,NBC,10060
24x30,NBC,10065
10x12,NBC,10070
11x14,NBC,10075
14x14,NBC,10080
14x17,NBC,10085
8x10,OBC,10090
10x12,OBC,10095
14x17,OBC,10100
8x10,NBC,10105
15x30,NBC,10110
24x30,NBC,10115
10x12,NBC,10120
11x14,NBC,10125
14x14,NBC,10130
14x17,NBC,10135
8x10,OBC,10140
10x12,OBC,10145
14x17,OBC,10150
8x10,NBC,10155
15x30,NBC,10160
24x30,NBC,10165
10x12,NBC,10170
11x14,NBC,10175
14x14,NBC,10180
14x17,NBC,10185
8x10,OBC,10190
10x12,OBC,10195
14x17,OBC,10200
8x10,NBC,10205
15x30,NBC,10210
24x30,NBC,10215
10x12,NBC,10220
11x14,NBC,10225
14x14,NBC,10230
14x17,NBC,10235
8x10,OBC,10240
10x12,OBC,10245
14x17,OBC,10250
8x10,NBC,10255
15x30,NBC,10260
24x30,NBC,10265
10x12,NBC,10270
11x14,NBC,10275
14x14,NBC,10280
14x17,NBC,10285
8x10,OBC,10290
10x12,OBC,10295
14x17,OBC,10300
8x10,NBC,10305
15x30,NBC,10310
24x30,NBC,10315
10x12,NBC,10320
11x14,NBC,10325
14x14,NBC,10330
14x17,NBC,10335
8x10,OBC,10340
10x12,OBC,10345
14x17,OBC,10350
8x10,NBC,10355
15x30,NBC,10360
24x30,NBC,10365
10x12,NBC,10370
11x14,NBC,10375
14x14,NBC,10380
14x17,NBC,10385
8x10,OBC,10390
10x12,OBC,10395
14x17,OBC,10400
8x10,NBC,10405
15x30,NBC,10410
24x30,NBC,10415
10x12,NBC,10420
11x14,NBC,10425
14x14,NBC,10430
14x17,NBC,10435
8x10,OBC,10440
10x12,OBC,10445
14x17,OBC,10450
8x10,NBC,10455
15x30,NBC,10460
24x30,NBC,10465
10x12,NBC,10470
11x14,NBC,10475
14x14,NBC,10480
14x17,NBC,10485
8x10,OBC,10490
10x12,OBC,10495
14x17,OBC,10500
8x10,NBC,10505
15x30,NBC,10510
24x30,NBC,10515
10x12,NBC,10520
11x14,NBC,10525
14x14,NBC,10530
14x17,NBC,10535
8x10,OBC,10540
10x12,OBC,10545
14x17,OBC,10550
8x10,NBC,10555
15x30,NBC,10560
24x30,NBC,10565
10x12,NBC,10570
11x14,NBC,10575
14x14,NBC,10580
14x17,NBC,10585
8x10,OBC,10590
10x12,OBC,10595
14x17,OBC,10600
8x10,NBC,10605
15x30,NBC,10610
24x30,NBC,10615
10x12,NBC,10620
11x14,NBC,10625
14x14,NBC,10630
14x17,NBC,10635
8x10,OBC,10640
10x12,OBC,10645
14x17,OBC,10650
8x10,NBC,10655
15x30,NBC,10660
24x30,NBC,10665
10x12,NBC,10670
11x14,NBC,10675
14x14,NBC,10680
14x17,NBC,10685
8x10,OBC,10690
10x12,OBC,10695
14x17,OBC,10700
8x10,NBC,10705
15x30,NBC,10710
24x30,NBC,10715
10x12,NBC,10720
11x14,NBC,10725
14x14,NBC,10730
14x17,NBC,10735
8x10,OBC,10740
10x12,OBC,10745
14x17,OBC,10750
8x10,NBC,10755
15x30,NBC,10760
24x30,NBC,10765
10x12,NBC,10770
11x14,NBC,10775
14x14,NBC,10780
14x17,NBC,10785
8x10,OBC,10790
10x12,OBC,10795
14x17,OBC,10800
8x10,NBC,10805
15x30,NBC,10810
24x30,NBC,10815
10x12,NBC,10820
11x14,NBC,10825
14x14,NBC,10830
14x17,NBC,10835
8x10,OBC,10840
10x12,OBC,10845
14x17,OBC,10850
8x10,NBC,10855
15x30,NBC,10860
24x30,NBC,10865
10x12,NBC,10870
11x14,NBC,10875
14x14,NBC,10880
14x17,NBC,10885
8x10,OBC,10890
10x12,OBC,10895
14x17,OBC,10900
8x10,NBC,10905
15x30,NBC,10910
24x30,NBC,10915
10x12,NBC,10920
11x14,NBC,10925
14x14,NBC,10930
14x17,NBC,10935
8x10,OBC,10940
10x12,OBC,10945
14x17,OBC,10950
8x10,NBC,10955
15x30,NBC,10960
24x30,NBC,10965
10x12,NBC,10970
11x14,NBC,10975
14x14,NBC,10980
14x17,NBC,10985
8x10,OBC,10990
10x12,OBC,10995
14x17,OBC,11000
8x10,NBC,11005
15x30,NBC,11010
24x30,NBC,11015
10x12,NBC,11020
11x14,NBC,11025
14x14,NBC,11030
14x17,NBC,11035
8x10,OBC,11040
10x12,OBC,11045
14x17,OBC,11050
8x10,NBC,11055
15x30,NBC,11060
24x30,NBC,11065
10x12,NBC,11070
11x14,NBC,11075
14x14,NBC,11080
14x17,NBC,11085
8x10,OBC,11090
10x12,OBC,11095
14x17,OBC,11100
8x10,NBC,11105
15x30,NBC,11110
24x30,NBC,11115
10x12,NBC,11120
11x14,NBC,11125
14x14,NBC,11130
14x17,NBC,11135
8x10,OBC,11140
10x12,OBC,11145
14x17,OBC,11150
8x10,NBC,11155
15x30,NBC,11160
24x30,NBC,11165
10x12,NBC,11170
11x14,NBC,11175
14x14,NBC,11180
14x17,NBC,11185
8x10,OBC,11190
10x12,OBC,11195
14x17,OBC,11200
8x10,NBC,11205
15x30,NBC,11210
24x30,NBC,11215
10x12,NBC,11220
11x14,NBC,11225
14x14,NBC,11230
14x17,NBC,11235
8x10,OBC,11240
10x12,OBC,11245
14x17,OBC,11250
8x10,NBC,11255
15x30,NBC,11260
24x30,NBC,11265
10x12,NBC,11270
11x14,NBC,11275
14x14,NBC,11280
14x17,NBC,11285
8x10,OBC,11290
10x12,OBC,11295
14x17,OBC,11300
8x10,NBC,11305
15x30,NBC,11310
24x30,NBC,11315
10x12,NBC,11320
11x14,NBC,11325
14x14,NBC,11330
14x17,NBC,11335
8x10,OBC,11340
10x12,OBC,11345
14x17,OBC,11350
8x10,NBC,11355
15x30,NBC,11360
24x30,NBC,11365
10x12,NBC,11370
11x14,NBC,11375
14x14,NBC,11380
14x17,NBC,11385
8x10,OBC,11390
10x12,OBC,11395
14x17,OBC,11400
8x10,NBC,11405
15x30,NBC,11410
24x30,NBC,11415
10x12,NBC,11420
11x14,NBC,11425
14x14,NBC,11430
14x17,NBC,11435
8x10,OBC,11440
10x12,OBC,11445
14x17,OBC,11450
8x10,NBC,11455
15x30,NBC,11460
24x30,NBC,11465
10x12,NBC,11470
11x14,NBC,11475
14x14,NBC,11480
14x17,NBC,11485
8x10,OBC,11490
10x12,OBC,11495
14x17,OBC,11500
8x10,NBC,11505
15x30,NBC,11510
24x30,NBC,11515
10x12,NBC,11520
11x14,NBC,11525
14x14,NBC,11530
14x17,NBC,11535
8x10,OBC,11540
10x12,OBC,11545
14x17,OBC,11550
8x10,NBC,11555
15x30,NBC,11560
24x30,NBC,11565
10x12,NBC,11570
11x14,NBC,11575
14x14,NBC,11580
14x17,NBC,11585
8x10,OBC,11590
10x12,OBC,11595
14x17,OBC,11600
8x10,NBC,11605
15x30,NBC,11610
24x30,NBC,11615
10x12,NBC,11620
11x14,NBC,11625
14x14,NBC,11630
14x17,NBC,11635
8x10,OBC,11640
10x12,OBC,11645
14x17,OBC,11650
8x10,NBC,11655
15x30,NBC,11660
24x30,NBC,11665
10x12,NBC,11670
11x14,NBC,11675
14x14,NBC,11680
14x17,NBC,11685
8x10,OBC,11690
10x12,OBC,11695
14x17,OBC,11700
8x10,NBC,11705
15x30,NBC,11710
24x30,NBC,11715
10x12,NBC,11720
11x14,NBC,11725
14x14,NBC,11730
14x17,NBC,11735
8x10,OBC,11740
10x12,OBC,11745
14x17,OBC,11750
8x10,NBC,11755
15x30,NBC,11760
24x30,NBC,11765
10x12,NBC,11770
11x14,NBC,11775
14x14,NBC,11780
14x17,NBC,11785
8x10,OBC,11790
10x12,OBC,11795
14x17,OBC,11800
8x10,NBC,11805
15x30,NBC,11810
24x30,NBC,11815
10x12,NBC,11820
11x14,NBC,11825
14x14,NBC,11830
14x17,NBC,11835
8x10,OBC,11840
10x12,OBC,11845
14x17,OBC,11850
8x10,NBC,11855
15x30,NBC,11860
24x30,NBC,11865
10x12,NBC,11870
11x14,NBC,11875
14x14,NBC,11880
14x17,NBC,11885
8x10,OBC,11890
10x12,OBC,11895
14x17,OBC,11900
8x10,NBC,11905
15x30,NBC,11910
24x30,NBC,11915
10x12,NBC,11920
11x14,NBC,11925
14x14,NBC,11930
14x17,NBC,11935
8x10,OBC,11940
10x12,OBC,11945
14x17,OBC,11950
8x10,NBC,11955
15x30,NBC,11960
24x30,NBC,11965
10x12,NBC,11970
11x14,NBC,11975
14x14,NBC,11980
14x17,NBC,11985
8x10,OBC,11990
10x12,OBC,11995
14x17,OBC,12000
